{"v":"5.9.0","fr":60,"ip":0,"op":3600,"w":766,"h":292,"nm":"Comp 1","ddd":0,"assets":[{"id":"comp_0","nm":"3 - Toldo","fr":60,"layers":[{"ddd":0,"ind":1,"ty":4,"nm":"Rectángulo 268","sr":1,"ks":{"o":{"a":0,"k":100,"ix":11},"r":{"a":0,"k":0,"ix":10},"p":{"a":1,"k":[{"i":{"x":0.833,"y":0.833},"o":{"x":0.167,"y":0.167},"t":0,"s":[134.363,21.124,0],"to":[4.333,4.833,0],"ti":[-4.333,-4.833,0]},{"t":300,"s":[160.363,50.124,0]}],"ix":2,"l":2},"a":{"a":0,"k":[0,0,0],"ix":1,"l":2},"s":{"a":0,"k":[100,100,100],"ix":6,"l":2}},"ao":0,"shapes":[{"ty":"gr","it":[{"ty":"rc","d":1,"s":{"a":0,"k":[228,7],"ix":2},"p":{"a":0,"k":[0,0],"ix":3},"r":{"a":0,"k":2,"ix":4},"nm":"Rectangle Path 1","mn":"ADBE Vector Shape - Rect","hd":false},{"ty":"st","c":{"a":0,"k":[0,1,0,1],"ix":3},"o":{"a":0,"k":100,"ix":4},"w":{"a":0,"k":2,"ix":5},"lc":2,"lj":1,"ml":4,"bm":0,"nm":"Stroke 1","mn":"ADBE Vector Graphic - Stroke","hd":false},{"ty":"op","nm":"Offset Paths 1","a":{"a":0,"k":-1,"ix":1},"lj":1,"ml":{"a":0,"k":4,"ix":3},"ix":3,"mn":"ADBE Vector Filter - Offset","hd":false},{"ty":"tr","p":{"a":0,"k":[0,0],"ix":2},"a":{"a":0,"k":[0,0],"ix":1},"s":{"a":0,"k":[100,100],"ix":3},"r":{"a":0,"k":0,"ix":6},"o":{"a":0,"k":100,"ix":7},"sk":{"a":0,"k":0,"ix":4},"sa":{"a":0,"k":0,"ix":5},"nm":"Transform"}],"nm":"Rectángulo 268 Stroke","np":3,"cix":2,"bm":0,"ix":1,"mn":"ADBE Vector Group","hd":false},{"ty":"gr","it":[{"ty":"rc","d":1,"s":{"a":0,"k":[228,7],"ix":2},"p":{"a":0,"k":[0,0],"ix":3},"r":{"a":0,"k":2,"ix":4},"nm":"Rectangle Path 1","mn":"ADBE Vector Shape - Rect","hd":false},{"ty":"fl","c":{"a":0,"k":[0.117647058824,0.125490196078,0.21568627451,1],"ix":4},"o":{"a":0,"k":100,"ix":5},"r":1,"bm":0,"nm":"Fill 1","mn":"ADBE Vector Graphic - Fill","hd":false},{"ty":"tr","p":{"a":0,"k":[0,0],"ix":2},"a":{"a":0,"k":[0,0],"ix":1},"s":{"a":0,"k":[100,100],"ix":3},"r":{"a":0,"k":0,"ix":6},"o":{"a":0,"k":100,"ix":7},"sk":{"a":0,"k":0,"ix":4},"sa":{"a":0,"k":0,"ix":5},"nm":"Transform"}],"nm":"Rectángulo 268 Fill","np":2,"cix":2,"bm":0,"ix":2,"mn":"ADBE Vector Group","hd":false}],"ip":0,"op":3600,"st":0,"bm":0},{"ddd":0,"ind":2,"ty":4,"nm":"Trazado 1753","sr":1,"ks":{"o":{"a":0,"k":100,"ix":11},"r":{"a":0,"k":0,"ix":10},"p":{"a":0,"k":[147.31,36.568,0],"ix":2,"l":2},"a":{"a":0,"k":[124.365,13.434,0],"ix":1,"l":2},"s":{"a":0,"k":[100,100,100],"ix":6,"l":2}},"ao":0,"shapes":[{"ty":"gr","it":[{"ind":0,"ty":"sh","ix":1,"ks":{"a":1,"k":[{"i":{"x":0.833,"y":0.833},"o":{"x":0.167,"y":0.167},"t":0,"s":[{"i":[[0,0],[0,0],[0,0],[0,0]],"o":[[0,0],[0,0],[0,0],[0,0]],"v":[[221.541,0],[222.229,-1.804],[-0.561,-1.131],[0,0.317]],"c":true}]},{"t":300,"s":[{"i":[[0,0],[0,0],[0,0],[0,0]],"o":[[0,0],[0,0],[0,0],[0,0]],"v":[[221.541,0],[248.729,26.196],[25.939,26.869],[0,0.317]],"c":true}]}],"ix":2},"nm":"Path 1","mn":"ADBE Vector Shape - Group","hd":false},{"ty":"st","c":{"a":0,"k":[0,1,0,1],"ix":3},"o":{"a":0,"k":100,"ix":4},"w":{"a":0,"k":2,"ix":5},"lc":2,"lj":1,"ml":4,"bm":0,"nm":"Stroke 1","mn":"ADBE Vector Graphic - Stroke","hd":false},{"ty":"fl","c":{"a":0,"k":[0.117647058824,0.125490196078,0.21568627451,1],"ix":4},"o":{"a":0,"k":100,"ix":5},"r":1,"bm":0,"nm":"Fill 1","mn":"ADBE Vector Graphic - Fill","hd":false},{"ty":"tr","p":{"a":0,"k":[0,0],"ix":2},"a":{"a":0,"k":[0,0],"ix":1},"s":{"a":0,"k":[100,100],"ix":3},"r":{"a":0,"k":0,"ix":6},"o":{"a":0,"k":100,"ix":7},"sk":{"a":0,"k":0,"ix":4},"sa":{"a":0,"k":0,"ix":5},"nm":"Transform"}],"nm":"Trazado 1753","np":3,"cix":2,"bm":0,"ix":1,"mn":"ADBE Vector Group","hd":false}],"ip":4,"op":3600,"st":0,"bm":0},{"ddd":0,"ind":3,"ty":4,"nm":"Rectángulo 269","sr":1,"ks":{"o":{"a":0,"k":100,"ix":11},"r":{"a":0,"k":0,"ix":10},"p":{"a":0,"k":[134.363,21.124,0],"ix":2,"l":2},"a":{"a":0,"k":[0,0,0],"ix":1,"l":2},"s":{"a":0,"k":[100,100,100],"ix":6,"l":2}},"ao":0,"shapes":[{"ty":"gr","it":[{"ty":"rc","d":1,"s":{"a":0,"k":[228,7],"ix":2},"p":{"a":0,"k":[0,0],"ix":3},"r":{"a":0,"k":2,"ix":4},"nm":"Rectangle Path 1","mn":"ADBE Vector Shape - Rect","hd":false},{"ty":"st","c":{"a":0,"k":[0,1,0,1],"ix":3},"o":{"a":0,"k":100,"ix":4},"w":{"a":0,"k":2,"ix":5},"lc":2,"lj":1,"ml":4,"bm":0,"nm":"Stroke 1","mn":"ADBE Vector Graphic - Stroke","hd":false},{"ty":"op","nm":"Offset Paths 1","a":{"a":0,"k":-1,"ix":1},"lj":1,"ml":{"a":0,"k":4,"ix":3},"ix":3,"mn":"ADBE Vector Filter - Offset","hd":false},{"ty":"tr","p":{"a":0,"k":[0,0],"ix":2},"a":{"a":0,"k":[0,0],"ix":1},"s":{"a":0,"k":[100,100],"ix":3},"r":{"a":0,"k":0,"ix":6},"o":{"a":0,"k":100,"ix":7},"sk":{"a":0,"k":0,"ix":4},"sa":{"a":0,"k":0,"ix":5},"nm":"Transform"}],"nm":"Rectángulo 269 Stroke","np":3,"cix":2,"bm":0,"ix":1,"mn":"ADBE Vector Group","hd":false},{"ty":"gr","it":[{"ty":"rc","d":1,"s":{"a":0,"k":[228,7],"ix":2},"p":{"a":0,"k":[0,0],"ix":3},"r":{"a":0,"k":2,"ix":4},"nm":"Rectangle Path 1","mn":"ADBE Vector Shape - Rect","hd":false},{"ty":"fl","c":{"a":0,"k":[0.003921568627,0.992156862745,0.003921568627,1],"ix":4},"o":{"a":0,"k":100,"ix":5},"r":1,"bm":0,"nm":"Fill 1","mn":"ADBE Vector Graphic - Fill","hd":false},{"ty":"tr","p":{"a":0,"k":[0,0],"ix":2},"a":{"a":0,"k":[0,0],"ix":1},"s":{"a":0,"k":[100,100],"ix":3},"r":{"a":0,"k":0,"ix":6},"o":{"a":0,"k":100,"ix":7},"sk":{"a":0,"k":0,"ix":4},"sa":{"a":0,"k":0,"ix":5},"nm":"Transform"}],"nm":"Rectángulo 269 Fill","np":2,"cix":2,"bm":0,"ix":2,"mn":"ADBE Vector Group","hd":false}],"ip":-8,"op":3600,"st":0,"bm":0},{"ddd":0,"ind":4,"ty":4,"nm":"Trazado 565","sr":1,"ks":{"o":{"a":0,"k":100,"ix":11},"r":{"a":0,"k":0,"ix":10},"p":{"a":0,"k":[191.005,72.701,0],"ix":2,"l":2},"a":{"a":0,"k":[191.005,72.701,0],"ix":1,"l":2},"s":{"a":0,"k":[100,100,100],"ix":6,"l":2}},"ao":0,"shapes":[{"ty":"gr","it":[{"ind":0,"ty":"sh","ix":1,"ks":{"a":0,"k":{"i":[[10.127,0],[0.525,9.927],[0,0],[0,0],[8.588,0],[2.304,8.072],[0,0],[0,0],[0.368,6.14],[-0.603,7.606],[-0.049,0.43],[-9.618,0.03],[0,0],[-20.787,-27.095],[-2.462,-2.881],[-5.706,-5.17],[0,0],[1.426,-9.67],[3.278,-1.557],[2.861,-0.677]],"o":[[-10.056,0],[0,0],[0,0],[-2.215,8.228],[-8.452,0],[0,0],[0,0],[-7.229,-0.532],[-0.019,-2.025],[0.602,-7.58],[0.005,-0.057],[0,0],[16.348,0],[2.068,2.695],[3.004,1.098],[0,0],[5.698,5.166],[-0.768,5.207],[-3.72,1.768],[-0.419,10.025]],"v":[[340.114,145.403],[321.291,127.56],[153.095,128.524],[137.556,131.485],[119.363,145.403],[101.239,131.744],[86.673,127.913],[12.069,124.927],[0.134,114.429],[0.341,58.355],[5.93,7.685],[16.391,0],[250.26,0],[306.909,30.748],[339.368,68.999],[373.814,84.771],[373.814,84.771],[381.698,112.139],[375.515,122.478],[358.947,127.351]],"c":true},"ix":2},"nm":"Path 1","mn":"ADBE Vector Shape - Group","hd":false},{"ind":1,"ty":"sh","ix":2,"ks":{"a":0,"k":{"i":[[0,0],[0,0],[-9.291,0],[0,9.291],[0,0],[0,0],[-4.073,1.936],[-0.463,3.149],[5.18,4.694],[0,0],[0.283,0.103],[0,0],[0,0],[2.185,2.847],[15.86,0],[0,0],[0.025,-0.24],[0.599,-7.544],[-0.004,-0.482],[-4.369,-0.323],[0,0],[0,0],[0,0],[0,0],[-7.733,0],[-1.786,7.659],[0,0],[0,0]],"o":[[0,0],[0,9.291],[9.291,0],[0,0],[0,0],[0.128,-0.029],[3.344,-1.589],[1.318,-8.94],[0,0],[-5.641,-5.114],[0,0],[0,0],[-1.245,-1.456],[-20.257,-26.405],[0,0],[-7.761,0.024],[-0.052,0.445],[-0.597,7.519],[0.391,6.492],[0,0],[0,0],[0,0],[0,0],[1.886,7.491],[7.873,0],[0,0],[0,0],[0,0]],"v":[[323.265,125.548],[323.265,126.554],[340.114,143.403],[356.964,126.554],[356.964,125.758],[357.739,125.579],[374.656,120.672],[379.719,111.847],[372.47,86.253],[372.47,86.253],[338.438,70.788],[338.19,70.698],[338.019,70.498],[305.322,31.965],[250.26,2],[16.395,2],[7.919,7.9],[2.335,58.513],[2.132,114.36],[12.182,122.931],[86.97,125.923],[87.076,125.951],[102.881,130.108],[103.025,130.681],[119.363,143.403],[135.768,130.395],[135.915,129.762],[152.992,126.525]],"c":true},"ix":2},"nm":"Path 2","mn":"ADBE Vector Shape - Group","hd":false},{"ty":"fl","c":{"a":0,"k":[1,1,1,1],"ix":4},"o":{"a":0,"k":100,"ix":5},"r":1,"bm":0,"nm":"Fill 1","mn":"ADBE Vector Graphic - Fill","hd":false},{"ty":"tr","p":{"a":0,"k":[0,0],"ix":2},"a":{"a":0,"k":[0,0],"ix":1},"s":{"a":0,"k":[100,100],"ix":3},"r":{"a":0,"k":0,"ix":6},"o":{"a":0,"k":100,"ix":7},"sk":{"a":0,"k":0,"ix":4},"sa":{"a":0,"k":0,"ix":5},"nm":"Transform"}],"nm":"Trazado 565","np":3,"cix":2,"bm":0,"ix":1,"mn":"ADBE Vector Group","hd":false}],"ip":0,"op":3600,"st":0,"bm":0}]}],"layers":[{"ddd":0,"ind":1,"ty":0,"nm":"3 - Toldo","refId":"comp_0","sr":1,"ks":{"o":{"a":0,"k":100,"ix":11},"r":{"a":0,"k":0,"ix":10},"p":{"a":0,"k":[383,146,0],"ix":2,"l":2},"a":{"a":0,"k":[191.5,73,0],"ix":1,"l":2},"s":{"a":0,"k":[200,200,100],"ix":6,"l":2}},"ao":0,"w":383,"h":146,"ip":0,"op":3600,"st":0,"bm":0}],"markers":[]}